date,high,low,close,previous,diff,numtrans,tradedshares,volume
2022-06-16,290.2,263.9,290.2,,26.3,2753,60760,17605819.4
2022-06-17,301.9,270.0,273.0,290.2,-17.2,3311,52534,14617918.7
2022-06-19,267.6,245.8,246.9,273.0,-26.1,1840,19420,4886187.0
2022-06-20,250.0,222.3,224.1,246.9,-22.8,1091,31226,6985049.7
2022-06-21,246.5,211.3,244.0,224.1,19.9,718,20128,4674223.2
2022-06-22,253.7,227.0,233.5,244.0,-10.5,426,6830,1585135.0
2022-06-23,238.1,212.0,216.0,233.5,-17.5,410,11649,2524901.6
2022-06-24,228.0,200.0,213.0,216.0,-3.0,278,9612,2020577.5
2022-06-26,227.0,212.0,227.0,213.0,14.0,433,14916,3294027.7
2022-06-27,231.5,216.6,224.7,227.0,-2.3,462,13680,3055452.2
2022-06-28,224.0,212.0,216.9,224.7,-7.8,330,9230,2000857.0
2022-06-30,235.0,214.1,229.0,225.0,4.0,449,24919,5721025.6
2022-07-01,233.0,222.5,226.0,229.0,-3.0,243,8939,2020276.0
2022-07-03,244.0,218.2,242.0,226.0,16.0,502,18191,4281348.4
2022-07-04,260.0,225.4,231.0,242.0,-11.0,643,33149,8009262.9
2022-07-05,240.0,221.0,223.0,231.0,-8.0,373,12329,2804460.1
2022-07-06,234.0,218.7,225.0,223.0,2.0,470,9290,2066905.0
2022-07-07,234.6,218.2,224.0,225.0,-1.0,398,13889,3120943.0
2022-07-08,220.0,214.0,215.0,224.0,-9.0,203,7726,1669379.4
2022-07-11,214.0,201.0,203.1,215.0,-11.9,352,14254,2926275.2
2022-07-12,211.0,200.0,203.8,203.1,0.7,223,8467,1735784.1
2022-07-13,220.3,205.0,219.0,203.8,15.2,393,9792,2099507.5
2022-07-14,233.3,213.0,233.0,219.0,14.0,526,17479,3843840.8
2022-07-15,237.6,220.0,222.0,233.0,-11.0,317,9792,2191828.7
2022-07-17,225.4,215.0,222.0,222.0,,374,8151,1794447.3
2022-07-18,226.4,213.3,226.4,222.0,4.4,364,11432,2528642.2
2022-07-19,231.0,218.1,223.0,226.4,-3.4,407,12170,2751676.7
2022-07-20,225.8,219.5,221.0,223.0,-2.0,300,7531,1669670.5
2022-07-21,223.0,215.0,218.0,221.0,-3.0,257,10772,2351226.1
2022-07-22,221.0,210.0,212.0,218.0,-6.0,180,6494,1381156.8
2022-07-24,233.1,212.0,231.5,212.0,19.5,555,25996,5811488.2
2022-07-25,244.8,223.5,237.2,231.5,5.7,594,23825,5653255.4
2022-07-26,241.0,223.0,223.0,237.2,-14.2,412,19600,4499867.0
2022-07-27,242.0,223.0,239.0,223.0,16.0,688,56227,13161655.0
2022-07-28,262.9,240.0,258.0,239.0,19.0,680,53624,13898882.7
2022-07-29,269.0,254.8,264.0,258.0,6.0,506,17567,4610705.0
2022-07-31,267.0,253.7,260.5,264.0,-3.5,764,28364,7359317.5
2022-08-01,270.3,246.1,258.0,260.5,-2.5,722,41098,10713102.6
2022-08-02,282.0,255.3,280.0,258.0,22.0,879,36730,9969195.9
2022-08-03,308.0,274.1,299.0,280.0,19.0,1035,60118,17770679.1
2022-08-04,320.0,284.0,315.0,299.0,16.0,1140,69198,21186252.7
2022-08-05,321.0,304.0,307.0,315.0,-8.0,608,37903,11859510.7
2022-08-07,313.0,299.0,308.0,307.0,1.0,910,40781,12537192.7
2022-08-08,325.0,307.0,314.0,308.0,6.0,815,34766,11028028.2
2022-08-09,317.0,297.0,299.1,314.0,-14.9,570,23544,7123713.1
2022-08-10,298.0,284.1,290.0,299.1,-9.1,514,19990,5814558.8
2022-08-11,297.0,285.0,288.6,290.0,-1.4,444,17515,5117009.5
2022-08-14,293.0,277.0,277.2,288.6,-11.4,433,13651,3873960.0
2022-08-15,304.9,273.0,304.9,277.2,27.7,527,15715,4610657.4
2022-08-16,317.1,290.0,291.9,304.9,-13.0,572,39575,11858243.7
2022-08-17,308.9,286.2,298.0,291.9,6.1,382,13259,3910318.3
2022-08-18,312.0,297.0,308.0,298.0,10.0,768,37341,11421968.2
2022-08-22,308.0,288.0,295.0,292.0,3.0,621,22188,6587478.0
2022-08-23,303.0,293.1,294.4,295.0,-0.6,445,10840,3205766.8
2022-08-24,300.9,289.6,298.5,294.4,4.1,560,27752,8182262.0
2022-08-25,306.0,287.1,288.0,298.5,-10.5,430,27460,8028585.7
2022-08-26,290.0,280.0,280.0,288.0,-8.0,205,8763,2478439.7
2022-08-28,280.0,263.5,265.0,280.0,-15.0,451,23824,6439311.3
2022-08-29,275.4,261.2,264.4,265.0,-0.6,238,13340,3557111.9
2022-08-30,284.2,263.0,267.0,264.4,2.6,230,10730,2861179.1
2022-08-31,271.1,252.9,258.0,267.0,-9.0,260,17589,4580455.2
2022-09-01,271.0,250.0,266.0,258.0,8.0,243,9216,2370198.4
2022-09-02,267.5,260.0,267.0,266.0,1.0,106,5110,1342686.4
2022-09-04,269.3,262.0,267.0,267.0,,283,4608,1220921.4
2022-09-05,272.3,261.5,264.0,267.0,-3.0,264,6407,1707279.0
2022-09-06,265.0,252.0,252.0,264.0,-12.0,188,5655,1446657.7
2022-09-07,252.0,246.0,249.1,252.0,-2.9,246,14255,3533030.2
2022-09-08,264.0,240.0,250.0,249.1,0.9,234,12004,2982845.1
2022-09-11,255.0,240.9,244.5,250.0,-5.5,209,4744,1163772.1
2022-09-12,244.0,235.3,238.1,244.5,-6.4,234,10390,2482592.5
2022-09-13,255.7,235.0,248.2,238.1,10.1,250,7165,1778646.3
2022-09-14,261.9,247.2,260.4,248.2,12.2,297,13799,3554146.0
2022-09-15,264.0,240.0,245.0,260.4,-15.4,303,16392,4051554.5
2022-09-16,241.0,222.0,232.0,245.0,-13.0,177,12149,2804384.1
2022-09-18,234.0,221.5,223.5,232.0,-8.5,257,9536,2155268.7
2022-09-20,224.0,212.8,214.2,223.5,-9.3,207,8212,1782071.4
2022-09-21,226.0,215.0,218.9,214.2,4.7,185,6848,1491903.1
2022-09-22,225.0,211.0,216.0,218.9,-2.9,149,5428,1182286.0
2022-09-25,215.0,204.5,208.4,216.0,-7.6,216,8338,1742007.7
2022-09-27,220.0,208.0,216.8,208.4,8.4,127,6899,1483822.4
2022-09-28,219.0,209.0,215.0,216.8,-1.8,121,4167,885645.7
2022-09-29,216.9,210.0,215.0,215.0,,79,4425,948579.1
2022-10-09,224.0,210.7,224.0,215.0,9.0,106,4273,939293.0
2022-10-10,224.0,215.5,217.5,224.0,-6.5,78,5218,1146697.8
2022-10-11,226.0,210.2,219.0,217.5,1.5,152,10787,2356351.8
2022-10-12,227.4,215.6,224.9,219.0,5.9,130,6721,1486642.2
2022-10-13,244.9,218.0,232.0,224.9,7.1,213,32943,7621567.9
2022-10-16,232.9,226.1,230.4,232.0,-1.6,165,4640,1063463.5
2022-10-17,230.0,223.4,224.0,230.4,-6.4,128,5419,1229366.5
2022-10-19,223.0,211.5,213.0,224.0,-11.0,121,5194,1120410.5
2022-10-20,214.0,207.0,213.4,213.0,0.4,131,5332,1120700.0
2022-10-23,217.0,209.2,215.0,213.4,1.6,86,1060,224892.0
2022-10-31,216.5,210.0,212.4,215.0,-2.6,101,1660,352452.0
2022-11-01,226.3,209.0,226.3,212.4,13.9,159,4370,963961.0
2022-11-02,230.8,218.6,222.0,226.3,-4.3,127,9119,2057050.6
2022-11-03,222.3,217.6,222.0,222.0,0.0,127,2034,447814.5
2022-11-06,235.0,220.0,235.0,222.0,13.0,223,6216,1405924.5
2022-11-07,239.0,229.0,229.0,235.0,-6.0,177,6132,1433071.5
2022-11-08,233.5,223.0,230.0,229.0,1.0,126,3145,718362.5
2022-11-09,225.4,216.0,221.0,230.0,-9.0,91,3515,771263.0
2022-11-10,220.0,210.9,211.1,221.0,-9.900000000000006,112,5507,1174893.9
2022-11-13,214.2,210.0,212.5,211.1,1.4000000000000057,118,1590,337770.5
2022-11-14,228.8,209.6,227.9,212.5,15.400000000000006,129,3326,717199.2
2022-11-15,228.0,217.0,218.0,227.9,-9.900000000000006,120,4368,968237.0
2022-11-16,221.0,215.1,216.3,218.0,-1.6999999999999886,104,2670,582686.4
2022-11-22,229.0,220.0,223.5,225.0,-1.5,156,6615,1476984.8
2022-11-23,222.0,216.2,217.4,223.5,-6.099999999999994,144,6116,1332647.6
2022-11-24,226.0,214.0,221.1,217.4,3.6999999999999886,193,5671,1264489.0
2022-11-27,230.4,219.3,230.4,221.1,9.300000000000011,285,21174,4784215.5
2022-11-28,234.7,222.0,226.0,230.4,-4.400000000000006,181,7447,1710563.5
2022-11-29,229.6,221.5,228.0,226.0,2.0,143,5165,1154017.0
2022-11-30,234.6,223.5,223.8,228.0,-4.199999999999989,101,1393,316569.0
2022-12-01,231.4,222.5,229.0,223.8,5.199999999999989,180,6418,1464166.2
2022-12-04,238.1,225.0,232.5,229.0,3.5,275,21920,5111945.7
2022-12-05,243.8,228.0,236.0,232.5,3.5,319,28865,6909343.0
2022-12-06,244.8,226.3,229.4,236.0,-6.599999999999994,151,4045,933929.5
2022-12-07,238.0,225.1,229.0,229.4,-0.4000000000000057,168,6820,1562792.0
2022-12-11,230.0,220.8,221.5,229.0,-7.5,173,4220,943366.0
2022-12-12,227.0,217.2,226.0,221.5,4.5,119,1980,442709.0
2022-12-13,230.0,221.8,227.9,226.0,1.9000000000000057,130,2399,541452.0
2022-12-14,232.0,218.7,221.1,227.9,-6.800000000000011,123,5120,1144263.0
2022-12-15,234.6,218.2,224.0,221.1,2.9000000000000057,166,3480,768354.0
2022-12-18,220.1,215.6,215.8,224.0,-8.199999999999989,150,3199,694132.8
2022-12-19,220.1,212.1,217.1,215.8,1.299999999999983,150,3045,660664.0
2022-12-20,222.0,212.9,217.5,217.1,0.4000000000000057,140,6452,1408212.3
2022-12-21,219.0,213.4,216.9,217.5,-0.5999999999999943,132,2305,497712.0
2022-12-22,216.9,212.6,214.0,216.9,-2.9000000000000057,121,2470,530618.0
2022-12-26,230.0,215.3,228.9,214.0,14.900000000000006,196,5664,1264934.8
2022-12-27,239.0,224.5,233.0,228.9,4.099999999999994,236,18034,4188005.0
2022-12-28,248.1,225.5,242.0,233.0,9.0,227,23305,5448352.3
2022-12-29,254.0,233.2,252.2,242.0,10.199999999999989,299,20754,5101603.1
2023-01-01,256.9,236.2,243.0,252.2,-9.199999999999989,298,21245,5182273.0
2023-01-02,251.7,234.0,242.2,243.0,-0.8000000000000114,262,19040,4693573.4
2023-01-03,253.0,235.3,238.2,242.2,-4.0,328,22289,5434827.1
2023-01-04,257.0,235.1,257.0,238.2,18.80000000000001,412,22557,5653010.3
2023-01-05,275.0,250.0,268.0,257.0,11.0,345,25198,6671791.5
2023-01-08,285.0,262.7,271.0,268.0,3.0,349,17703,4839040.6
2023-01-09,297.8,266.0,293.0,271.0,22.0,338,17037,4818370.0
2023-01-10,306.0,272.0,273.0,293.0,-20.0,567,49870,14540949.3
2023-01-12,299.5,266.0,268.0,273.0,-5.0,440,31277,8616215.9
2023-01-17,291.0,264.0,290.5,268.0,22.5,524,23790,6782064.1
2023-01-18,308.0,283.0,284.6,290.5,-5.899999999999977,454,25388,7443977.8
2023-01-19,298.0,279.6,286.0,284.6,1.3999999999999773,470,17869,5127125.5
2023-01-23,297.5,278.0,278.0,286.0,-8.0,467,28428,8148740.1
2023-01-24,286.6,270.7,282.0,278.0,4.0,438,14022,3914313.5
2023-01-25,297.0,278.0,289.0,282.0,7.0,470,24976,7247899.9
2023-01-26,310.0,290.1,308.0,289.0,19.0,726,45182,13677838.6
2023-01-29,325.0,295.1,320.0,308.0,12.0,700,54004,16878581.1
2023-01-30,324.0,300.0,304.9,320.0,-15.100000000000025,554,42477,13142385.1
2023-01-31,317.1,293.0,300.9,304.9,-4.0,384,23274,6992048.0
2023-02-01,306.0,295.5,300.0,300.9,-0.8999999999999773,358,14970,4506298.6
2023-02-02,310.0,289.0,292.0,300.0,-8.0,322,26268,7822713.7
2023-02-05,300.0,286.3,296.0,292.0,4.0,367,27801,8134619.8
2023-02-06,297.0,286.3,294.5,296.0,-1.5,271,6818,1987560.8
2023-02-07,313.4,290.1,312.0,294.5,17.5,534,41216,12647210.6
2023-02-08,321.0,307.0,311.7,312.0,-0.3000000000000113,536,54999,17306667.2
2023-02-09,321.3,306.1,317.0,311.7,5.300000000000011,333,24879,7755308.0
2023-02-12,311.9,300.0,305.0,317.0,-12.0,327,26240,7982943.3
2023-02-14,309.0,295.0,300.0,305.0,-5.0,305,17202,5163122.4
2023-02-15,306.2,294.2,298.0,300.0,-2.0,245,14153,4238516.6
2023-02-16,301.0,290.0,290.0,298.0,-8.0,196,13557,3990659.4
2023-02-20,301.0,280.1,291.0,290.0,1.0,211,4973,1433850.5
2023-02-22,314.0,290.0,313.7,291.0,22.69999999999999,547,37914,11608323.4
2023-02-23,310.0,299.0,302.0,313.7,-11.699999999999989,279,21366,6450152.5
2023-02-26,307.7,290.0,307.0,302.0,5.0,248,8039,2386775.5
2023-02-27,309.9,295.7,304.0,307.0,-3.0,208,10607,3208924.6
2023-02-28,309.0,298.3,308.0,304.0,4.0,310,16517,5057555.6
2023-03-01,309.0,297.2,303.0,308.0,-5.0,210,20894,6294458.6
2023-03-02,302.9,293.0,298.9,303.0,-4.100000000000023,171,7780,2308218.0
2023-03-05,297.0,288.2,289.3,298.9,-9.599999999999966,167,3806,1107228.0
2023-03-07,299.6,283.7,294.9,289.3,5.599999999999966,110,6440,1896881.0
2023-03-09,310.0,295.1,310.0,294.9,15.100000000000025,296,10013,3034939.6
2023-03-12,310.0,298.1,303.9,310.0,-6.100000000000023,222,9270,2800088.0
2023-03-13,304.0,294.0,298.9,303.9,-5.0,112,2732,809928.0
2023-03-14,303.9,294.1,303.0,298.9,4.100000000000023,208,9379,2797972.0
2023-03-15,298.0,292.3,295.2,303.0,-7.800000000000011,156,10894,3207481.6
2023-03-16,307.0,289.3,296.1,295.2,0.9000000000000341,178,7290,2168585.0
2023-03-19,299.0,291.0,298.0,296.1,1.8999999999999773,159,3019,893598.6
2023-03-20,303.0,293.2,299.0,298.0,1.0,216,3370,1010837.0
2023-03-22,304.9,294.1,295.1,299.0,-3.899999999999977,181,4833,1441359.0
2023-03-23,296.0,288.1,290.3,295.1,-4.800000000000011,183,6846,1991841.7
2023-03-26,296.1,283.0,290.0,290.3,-0.3000000000000113,139,6055,1734600.0
2023-03-27,297.6,280.1,295.7,290.0,5.699999999999989,160,7681,2198000.0
2023-03-28,298.8,293.0,298.0,295.7,2.300000000000012,189,7487,2206668.6
2023-03-29,296.9,292.1,295.0,298.0,-3.0,125,2390,703214.0
2023-03-30,300.0,287.4,291.0,295.0,-4.0,166,5801,1682313.4
2023-04-02,298.0,283.0,292.0,291.0,1.0,195,7817,2253673.3
2023-04-03,286.2,280.0,285.0,292.0,-7.0,123,3312,933118.5
2023-04-04,287.0,274.1,282.0,285.0,-3.0,93,2549,711571.9
2023-04-05,287.6,273.0,280.0,282.0,-2.0,141,4872,1342829.0
2023-04-06,288.0,271.0,271.0,280.0,-9.0,133,3956,1089250.7
2023-04-09,268.0,257.2,266.0,271.0,-5.0,147,7030,1845840.0
2023-04-10,270.3,260.0,265.0,266.0,-1.0,109,3606,953367.8
2023-04-11,275.2,260.0,269.0,265.0,4.0,158,2524,668384.5
2023-04-12,295.9,268.9,294.0,269.0,25.0,250,13466,3879321.7
2023-04-13,299.0,281.1,284.9,294.0,-9.100000000000025,152,10445,3001037.5
2023-04-16,290.5,278.0,280.0,284.9,-4.899999999999977,191,6850,1941576.0
2023-04-17,285.6,271.2,273.1,280.0,-6.899999999999977,168,4486,1236848.0
2023-04-18,278.5,270.0,271.0,273.1,-2.1000000000000227,162,2199,598949.4
2023-04-19,282.0,268.0,275.0,271.0,4.0,148,3936,1074134.4
2023-04-20,280.5,271.5,276.0,275.0,1.0,132,4045,1110246.0
2023-04-23,276.0,266.0,269.9,276.0,-6.100000000000023,141,3665,990528.0
2023-04-24,267.5,262.0,266.9,269.9,-3.0,139,2315,614475.0
2023-04-25,282.0,261.0,272.0,266.9,5.100000000000023,172,2650,708294.0
2023-04-26,275.0,265.7,271.0,272.0,-1.0,152,3515,943781.0
2023-04-27,270.0,265.1,270.0,271.0,-1.0,121,3615,962411.5
2023-04-30,267.0,256.2,264.0,270.0,-6.0,158,7281,1894400.9
2023-05-02,263.0,255.2,261.0,264.0,-3.0,145,4525,1170314.0
2023-05-03,256.2,251.2,252.0,261.0,-9.0,97,2245,568275.0
2023-05-04,262.1,247.6,260.9,252.0,8.899999999999977,102,1110,279382.0
2023-05-07,255.7,250.1,253.0,260.9,-7.899999999999977,88,1550,389037.0
2023-05-08,250.0,242.9,247.0,253.0,-6.0,90,2975,731407.0
2023-05-09,255.0,243.1,247.8,247.0,0.8000000000000114,104,1690,420453.0
2023-05-10,252.0,245.0,250.0,247.8,2.1999999999999886,84,4035,1003290.5
2023-05-11,247.0,242.6,243.0,250.0,-7.0,68,680,166020.0
2023-05-14,245.0,234.0,234.0,243.0,-9.0,108,4922,1180128.7
2023-05-15,238.0,227.1,230.7,234.0,-3.300000000000012,86,1660,382282.0
2023-05-16,240.0,226.1,234.0,230.7,3.300000000000012,84,1089,254449.0
2023-05-17,245.0,232.0,245.0,234.0,11.0,130,1840,439420.0
2023-05-18,254.9,240.1,254.9,245.0,9.900000000000006,136,7258,1820771.3
2023-05-21,262.5,244.2,248.0,254.9,-6.900000000000006,111,5364,1365096.0
2023-05-22,257.0,243.1,251.0,248.0,3.0,124,4844,1203235.9
2023-05-23,274.0,249.0,272.0,251.0,21.0,213,11026,2923958.0
2023-05-24,280.0,265.0,280.0,272.0,8.0,161,5152,1393820.4
2023-05-28,282.5,262.0,269.5,280.0,-10.5,262,13108,3548504.1
2023-05-30,265.0,253.9,263.2,269.5,-6.300000000000011,152,8295,2148283.5
2023-05-31,263.1,245.5,257.4,263.2,-5.800000000000011,124,10641,2689518.5
2023-06-01,257.9,242.4,252.0,257.4,-5.399999999999977,136,7843,1949729.5
2023-06-04,269.0,253.0,268.0,252.0,16.0,148,9198,2425974.9
2023-06-05,294.8,259.7,294.8,268.0,26.80000000000001,441,59698,16624721.9
2023-06-06,314.0,276.0,314.0,294.8,19.19999999999999,374,35248,10362266.8
2023-06-07,321.0,297.5,321.0,314.0,7.0,519,35308,10816875.0
2023-06-08,314.6,296.3,299.7,321.0,-21.30000000000001,344,68561,20599101.0
2023-06-11,305.0,285.5,301.0,299.7,1.3000000000000114,446,40967,12144652.3
2023-06-12,303.5,291.5,294.0,301.0,-7.0,253,16851,5025000.4
2023-06-13,299.8,288.2,293.1,294.0,-0.8999999999999773,236,13444,3951301.5
2023-06-14,300.0,276.0,289.0,293.1,-4.100000000000023,359,32113,9370679.2
2023-06-15,288.9,278.4,282.1,289.0,-6.899999999999977,260,17544,4955793.2
2023-06-18,294.7,282.1,285.0,282.1,2.8999999999999773,269,18137,5187042.6
2023-06-19,295.0,279.3,285.0,285.0,0.0,216,23970,6783339.0
2023-06-20,286.5,274.9,275.0,285.0,-10.0,159,10525,2951869.3
2023-06-21,280.0,270.0,271.4,275.0,-3.6000000000000227,170,10638,2908582.5
2023-06-22,278.0,266.3,272.0,271.4,0.6000000000000227,200,10825,2948410.9
2023-06-25,278.3,264.0,275.0,272.0,3.0,320,18040,4903366.0
2023-06-26,285.0,271.2,271.5,275.0,-3.5,185,9339,2567872.5
2023-06-27,280.5,266.2,274.0,271.5,2.5,296,8684,2386420.1
2023-06-28,279.4,268.6,268.6,274.0,-5.399999999999977,270,22569,6162846.1
2023-07-02,273.9,252.0,254.0,268.6,-14.600000000000025,229,12792,3311057.4
2023-07-03,255.0,241.0,244.0,254.0,-10.0,272,13865,3436274.5
2023-07-04,253.7,241.1,245.2,244.0,1.1999999999999886,147,5430,1329931.2
2023-07-05,252.0,238.5,239.4,245.2,-5.799999999999983,143,7157,1727043.9
2023-07-06,241.9,235.1,237.0,239.4,-2.4000000000000057,153,3320,790194.0
2023-07-09,254.8,235.0,245.0,237.0,8.0,261,10105,2453864.8
2023-07-10,249.9,240.2,242.0,245.0,-3.0,172,6344,1560253.0
2023-07-11,248.9,236.1,239.1,242.0,-2.9000000000000057,154,4680,1127274.0
2023-07-12,263.0,236.5,263.0,239.1,23.90000000000001,353,22607,5779832.3
2023-07-13,268.0,250.0,251.1,263.0,-11.900000000000006,222,9737,2509088.6
2023-07-16,252.0,243.0,250.0,251.1,-1.0999999999999943,164,4165,1027453.0
2023-07-17,261.0,242.4,259.0,250.0,9.0,245,9805,2501299.0
2023-07-18,268.9,253.0,254.0,259.0,-5.0,174,8358,2141184.0
2023-07-19,259.0,248.0,253.0,254.0,-1.0,171,5748,1456047.0
2023-07-20,258.0,245.9,251.0,253.0,-2.0,252,10567,2671346.9
2023-07-23,262.1,247.0,260.0,251.0,9.0,301,9346,2396683.4
2023-07-24,270.1,255.0,260.0,260.0,0.0,174,6899,1810496.4
2023-07-25,276.4,255.1,276.4,260.0,16.399999999999977,223,16009,4239171.4
2023-07-26,272.0,263.2,265.3,276.4,-11.099999999999966,168,6690,1783049.9
2023-07-27,260.0,255.0,255.0,265.3,-10.300000000000011,128,4215,1083490.9
2023-07-30,256.0,246.3,249.0,255.0,-6.0,151,7039,1749875.2
2023-07-31,258.5,245.0,251.0,249.0,2.0,181,5022,1256045.7
2023-08-01,265.0,245.2,247.0,251.0,-4.0,150,6790,1686550.0
2023-08-02,248.0,245.0,246.0,247.0,-1.0,148,2650,650943.0
2023-08-03,254.9,241.4,246.0,246.0,0.0,184,5890,1446406.0
2023-08-06,245.9,234.0,242.0,246.0,-4.0,197,8241,1957136.0
2023-08-07,260.1,232.6,260.1,242.0,18.100000000000023,238,5342,1285957.8
2023-08-08,265.3,238.0,246.0,260.1,-14.100000000000025,224,6657,1632366.0
2023-08-09,248.7,236.3,248.6,246.0,2.5999999999999943,189,5110,1220828.4
2023-08-10,248.0,239.0,242.5,248.6,-6.099999999999994,158,2750,667289.0
2023-08-13,243.0,233.0,237.8,242.5,-4.699999999999989,247,3535,845166.0
2023-08-14,240.0,230.5,231.0,237.8,-6.800000000000011,242,10169,2386832.4
2023-08-15,235.0,226.1,226.1,231.0,-4.900000000000006,153,2339,534056.9
2023-08-16,222.5,218.0,218.4,226.1,-7.699999999999989,119,8739,1934226.9
2023-08-17,229.0,214.1,220.0,218.4,1.5999999999999943,167,6525,1425405.5
2023-08-20,219.9,211.6,212.0,220.0,-8.0,130,3378,720037.5
2023-08-21,212.0,202.0,206.0,212.0,-6.0,171,7633,1573513.5
2023-08-22,214.0,204.9,211.0,206.0,5.0,150,9289,1913463.1
2023-08-23,221.8,207.2,219.0,211.0,8.0,183,5340,1162927.5
2023-08-24,222.3,211.0,220.3,219.0,1.3000000000000114,188,9448,2049796.7
2023-08-27,224.0,208.8,212.0,220.3,-8.300000000000011,170,5338,1133638.2
2023-08-28,215.2,208.0,208.6,212.0,-3.4000000000000057,115,1760,370206.8
2023-08-29,210.0,205.2,209.0,208.6,0.4000000000000057,137,3618,748777.1
2023-08-30,211.0,205.0,207.0,209.0,-2.0,119,3690,759999.8
2023-09-03,208.0,200.9,207.0,207.0,0.0,148,2600,528968.6
2023-09-04,208.1,201.1,208.0,207.0,1.0,140,3274,666116.4
2023-09-05,207.5,202.1,206.1,208.0,-1.9000000000000057,104,2110,431307.0
2023-09-07,206.1,202.1,203.2,206.1,-2.9000000000000057,145,3410,694682.9
2023-09-10,210.0,200.0,209.9,203.2,6.700000000000017,166,4450,920771.0
2023-09-11,216.0,202.6,213.0,209.9,3.0999999999999943,151,5625,1185227.0
2023-09-12,217.0,202.4,202.5,213.0,-10.5,107,7423,1547290.0
2023-09-13,215.0,203.1,215.0,202.5,12.5,145,4190,875676.0
2023-09-17,210.7,203.3,207.9,215.0,-7.099999999999994,103,2339,481832.4
2023-09-18,212.0,204.0,209.9,207.9,2.0,114,3375,703385.0
2023-09-19,221.0,206.0,216.0,209.9,6.099999999999994,181,13585,2899412.0
2023-09-21,235.0,220.3,230.0,216.0,14.0,369,20763,4754337.1
2023-09-24,237.8,219.2,222.0,230.0,-8.0,222,10729,2393940.0
2023-09-25,233.9,216.0,229.0,222.0,7.0,250,10588,2420700.2
2023-09-26,243.0,226.0,241.0,229.0,12.0,371,21531,5126528.0
2023-09-27,240.0,228.6,233.0,241.0,-8.0,191,8649,2016884.0
2023-10-01,230.0,216.6,216.6,233.0,-16.400000000000006,217,10030,2227046.7
2023-10-02,235.0,212.2,230.5,216.6,13.900000000000006,258,5995,1321825.9
2023-10-03,230.4,218.0,218.2,230.5,-12.300000000000011,179,6289,1397842.4
2023-10-04,230.5,215.0,228.1,218.2,9.900000000000006,268,11095,2521379.5
2023-10-05,238.6,224.3,229.0,228.1,0.9000000000000057,261,14004,3271873.0
2023-10-08,232.0,218.0,218.7,229.0,-10.300000000000011,186,5930,1326166.0
2023-10-09,230.0,215.1,221.3,218.7,2.6000000000000227,172,5610,1252337.0
2023-10-10,225.7,212.6,219.1,221.3,-2.200000000000017,132,3473,763998.4
2023-10-11,225.0,215.1,224.9,219.1,5.800000000000011,161,4589,1016374.0
2023-10-12,229.3,213.0,215.0,224.9,-9.900000000000006,218,11639,2515513.5
2023-10-16,215.0,209.0,210.0,215.0,-5.0,161,2700,567077.0
2023-10-17,214.2,210.0,210.0,210.0,0.0,110,1770,375077.0
2023-10-18,227.0,193.8,216.3,210.0,6.300000000000011,118,3847,838845.2
2023-10-19,218.2,212.1,217.0,216.3,0.6999999999999886,82,5097,1096654.0
2023-10-29,212.7,206.2,206.2,217.0,-10.800000000000011,83,2860,594854.0
2023-10-30,215.0,202.1,215.0,206.2,8.800000000000011,108,1180,245001.0
2023-10-31,212.0,206.5,208.0,215.0,-7.0,101,27441,5733752.6
2023-11-01,216.0,204.0,207.3,208.0,-0.6999999999999886,116,2700,565133.0
2023-11-02,207.9,202.7,204.2,207.3,-3.1000000000000227,99,3810,781984.6
2023-11-05,207.0,200.4,207.0,204.2,2.800000000000012,111,2032,411934.8
2023-11-06,210.0,203.5,210.0,207.0,3.0,110,4575,952504.5
2023-11-07,215.0,201.8,206.9,210.0,-3.0999999999999943,112,5971,1247842.9
2023-11-08,212.9,204.1,209.4,206.9,2.5,69,3200,669491.0
2023-11-09,212.8,206.0,206.3,209.4,-3.0999999999999943,79,3200,666678.0
2023-11-20,210.0,205.1,205.5,206.3,-0.8000000000000114,92,1533,317530.0
2023-11-21,205.5,198.1,200.0,205.5,-5.5,108,3855,775005.1
2023-11-22,210.0,194.2,205.0,200.0,5.0,132,3360,692914.0
2023-11-23,214.2,198.2,211.0,205.0,6.0,143,7740,1610052.5
2023-11-26,220.0,207.0,220.0,211.0,9.0,208,9904,2126408.9
2023-11-27,224.0,216.0,218.5,220.0,-1.5,160,7929,1737877.0
2023-11-28,220.0,213.7,217.0,218.5,-1.5,128,2255,488396.0
2023-11-29,217.0,208.9,209.0,217.0,-8.0,85,2820,597311.0
2023-11-30,212.0,203.1,207.0,209.0,-2.0,103,3659,756876.0
2023-12-03,207.2,201.1,207.2,207.0,0.1999999999999886,105,2370,484544.0
2023-12-04,212.0,203.1,208.4,207.2,1.200000000000017,96,1350,281864.0
2023-12-05,209.0,205.0,205.3,208.4,-3.0999999999999943,80,1215,249745.0
2023-12-06,210.0,201.7,209.0,205.3,3.6999999999999886,83,980,201770.0
2023-12-07,216.0,204.1,216.0,209.0,7.0,162,4632,976038.0
2023-12-10,234.0,220.0,234.0,216.0,18.0,23,2498,571730.8
2023-12-11,238.0,220.7,223.5,234.0,-10.5,333,18175,4104442.5
2023-12-12,236.0,217.0,232.0,223.5,8.5,274,15013,3445824.0
2023-12-13,245.0,225.0,238.0,232.0,6.0,276,23478,5613930.8
2023-12-14,246.0,230.1,241.0,238.0,3.0,203,12452,2952094.6
2023-12-17,265.0,233.0,259.8,241.0,18.80000000000001,418,40515,10303445.8
2023-12-18,263.0,240.0,250.0,259.8,-9.800000000000011,340,29982,7541555.8
2023-12-19,255.0,238.6,248.0,250.0,-2.0,269,13151,3208732.3
2023-12-20,260.0,241.8,256.0,248.0,8.0,289,13490,3390368.4
2023-12-21,253.0,239.0,244.8,256.0,-11.199999999999989,327,20967,5115264.8
2023-12-24,264.1,240.1,253.0,244.8,8.199999999999989,519,46898,11879566.7
2023-12-27,267.5,250.2,258.0,253.0,5.0,530,47540,12296805.1
2023-12-28,277.0,255.0,274.0,258.0,16.0,556,52990,14271236.4
2024-01-01,285.0,262.0,262.0,274.0,-12.0,420,53890,14813615.2
2024-01-02,261.0,253.0,257.0,262.0,-5.0,231,16515,4234631.5
2024-01-03,266.9,249.0,264.4,257.0,7.399999999999977,290,16290,4236091.0
2024-01-04,279.0,266.6,267.0,264.4,2.6000000000000227,425,61239,16606680.6
2024-01-07,293.7,272.3,273.0,267.0,6.0,629,87651,24440963.9
2024-01-08,289.0,269.6,277.0,273.0,4.0,426,65775,18366679.4
2024-01-09,291.0,275.0,282.0,277.0,5.0,475,69602,19890378.5
2024-01-10,284.0,268.0,274.8,282.0,-7.199999999999989,327,46215,12745778.1
2024-01-11,283.0,267.2,279.0,274.8,4.199999999999989,314,28568,7808244.9
2024-01-14,291.9,275.0,289.0,279.0,10.0,431,57050,16399263.4
2024-01-16,311.0,284.5,299.0,289.0,10.0,588,90253,27082169.9
2024-01-17,304.9,280.5,281.1,299.0,-17.899999999999977,502,59961,17505668.5
2024-01-18,305.4,271.0,299.9,281.1,18.799999999999955,674,66347,19315505.0
2024-01-21,326.3,296.0,312.0,299.9,12.100000000000025,853,84699,26605320.9
2024-01-22,324.0,304.0,314.0,312.0,2.0,692,77318,24206997.9
2024-01-23,317.2,304.1,314.9,314.0,0.8999999999999773,445,25872,8062840.8
2024-01-24,319.4,304.2,316.0,314.9,1.1000000000000227,459,65800,20481887.2
2024-01-25,318.7,303.6,312.9,316.0,-3.1000000000000227,367,36082,11182540.6
2024-01-28,330.0,304.0,324.0,312.9,11.100000000000025,430,36660,11406013.2
2024-01-29,336.9,312.0,322.0,324.0,-2.0,589,71994,23076830.9
2024-01-30,324.0,315.6,319.8,322.0,-2.1999999999999886,534,66661,21359897.4
2024-01-31,349.0,313.3,319.9,319.8,0.0999999999999659,650,147824,47108489.9
2024-02-01,324.0,306.7,315.0,319.9,-4.899999999999977,373,45716,14372133.9
2024-02-04,325.0,302.6,316.0,315.0,1.0,413,91355,28221932.0
2024-02-05,322.3,298.9,311.0,316.0,-5.0,333,116122,35247314.7
2024-02-06,316.0,304.8,305.3,311.0,-5.699999999999989,245,14859,4558419.0
2024-02-07,314.1,299.2,314.1,305.3,8.800000000000011,416,46486,14176603.0
2024-02-08,326.7,303.0,322.8,314.1,8.699999999999989,523,109000,34485243.1
2024-02-11,331.0,316.4,330.0,322.8,7.199999999999989,686,124943,40577537.0
2024-02-12,357.0,323.5,355.0,330.0,25.0,916,144129,49148497.6
2024-02-13,367.8,342.0,367.0,355.0,12.0,893,140623,50038860.3
2024-02-14,373.0,340.1,369.1,367.0,2.1000000000000227,696,155973,55477854.3
2024-02-15,383.0,348.0,350.1,369.1,-19.0,632,106357,37907520.8
2024-02-18,363.9,330.0,341.9,350.1,-8.200000000000045,633,126508,42795057.7
2024-02-20,336.0,325.3,336.0,341.9,-5.899999999999977,453,57309,18958064.4
2024-02-21,348.0,321.0,329.2,336.0,-6.800000000000011,312,29905,9928916.7
2024-02-22,335.0,321.1,321.1,329.2,-8.099999999999966,512,82016,26899359.2
2024-02-25,327.0,311.1,318.0,321.1,-3.1000000000000227,345,45905,14616096.2
2024-02-26,320.0,308.0,318.0,318.0,0.0,250,41036,12870074.7
2024-02-27,327.9,312.1,325.9,318.0,7.899999999999977,264,49524,15898785.8
2024-02-28,327.5,319.4,327.5,325.9,1.6000000000000227,216,42345,13693035.8
2024-02-29,334.0,318.0,328.4,327.5,0.8999999999999773,305,85328,27606209.0
2024-03-03,332.0,323.0,327.0,328.4,-1.3999999999999773,234,42551,13913149.7
2024-03-04,350.8,333.5,350.0,327.0,23.0,40,13460,4659447.0
2024-03-05,357.0,330.2,330.2,350.0,-19.80000000000001,391,68752,23397816.4
2024-03-06,347.5,329.0,335.4,330.2,5.199999999999989,351,61667,20885947.8
2024-03-07,355.9,335.0,353.0,335.4,17.600000000000023,562,88015,30790269.7
2024-03-10,365.0,353.0,354.1,353.0,1.1000000000000227,405,56853,20386332.5
2024-03-12,370.9,356.0,367.2,354.1,13.099999999999966,577,78403,28721662.9
2024-03-13,397.0,366.6,388.0,367.2,20.80000000000001,701,114789,44094283.5
2024-03-14,394.6,375.5,377.2,388.0,-10.800000000000011,437,71341,27373477.2
2024-03-17,384.7,370.0,370.0,377.2,-7.199999999999989,371,76648,28930383.5
2024-03-18,377.0,366.0,375.0,370.0,5.0,274,32187,12019004.3
2024-03-19,389.0,373.1,379.0,375.0,4.0,318,31528,12030114.4
2024-03-20,395.0,374.3,380.0,379.0,1.0,315,46240,17800382.3
2024-03-21,387.6,375.0,381.0,380.0,1.0,280,24500,9417336.8
2024-03-25,408.9,376.2,399.0,381.0,18.0,469,68719,26993499.2
2024-03-26,425.7,400.0,425.0,399.0,26.0,661,67054,27605620.4
2024-03-27,449.0,415.0,425.0,425.0,0.0,468,74971,31939827.5
2024-03-28,460.0,411.6,455.0,425.0,30.0,871,110513,49222636.2
2024-03-31,481.4,409.5,453.8,455.0,-1.1999999999999886,994,211954,90088328.4
2024-04-01,444.8,408.5,408.5,453.8,-45.30000000000001,607,114278,46760138.4
2024-04-02,412.0,385.0,409.0,408.5,0.5,408,43135,17337019.2
2024-04-03,410.0,386.3,391.0,409.0,-18.0,292,45259,17819079.0
2024-04-04,403.0,370.0,375.0,391.0,-16.0,340,68742,26207548.5
2024-04-07,394.2,368.1,383.0,375.0,8.0,277,35861,13665163.9
2024-04-09,398.4,380.0,380.0,383.0,-3.0,321,43342,16773799.6
2024-04-10,395.1,378.0,381.9,380.0,1.8999999999999773,375,68384,26376677.7
2024-04-14,405.0,380.0,394.0,381.9,12.100000000000025,443,62847,24839692.5
2024-04-15,408.0,366.0,383.2,394.0,-10.800000000000011,296,54803,21422625.3
2024-04-16,385.0,375.7,380.0,383.2,-3.1999999999999886,214,36182,13700432.0
2024-04-18,389.0,372.4,380.0,380.0,0.0,214,40410,15283598.2
2024-04-21,390.0,370.0,383.0,380.0,3.0,221,31713,11993369.2
2024-04-22,389.0,372.0,383.0,383.0,0.0,206,44212,16757632.3
2024-04-24,383.0,360.9,370.0,383.0,-13.0,196,27066,10019923.8
2024-04-25,371.0,355.5,367.0,370.0,-3.0,286,45110,16290385.5
2024-04-28,374.0,347.1,350.0,367.0,-17.0,233,32456,11575144.4
2024-04-29,368.9,350.0,360.4,350.0,10.399999999999975,204,24069,8644852.8
2024-04-30,367.6,350.0,357.0,360.4,-3.3999999999999773,244,40955,14601734.6
2024-05-02,363.0,348.0,355.9,357.0,-1.1000000000000227,211,49121,17291777.0
2024-05-05,365.1,344.0,345.0,355.9,-10.899999999999975,223,41035,14371393.0
2024-05-06,351.9,338.1,343.0,345.0,-2.0,152,21475,7311638.2
2024-05-07,349.0,327.0,331.9,343.0,-11.100000000000025,169,16024,5381133.9
2024-05-08,342.7,331.9,339.0,331.9,7.100000000000023,123,15766,5333653.2
2024-05-09,344.0,327.5,335.7,339.0,-3.300000000000012,151,18234,6109072.8
2024-05-12,340.0,329.1,338.0,335.7,2.300000000000012,153,17839,6011932.1
2024-05-13,341.0,328.0,329.4,338.0,-8.600000000000023,136,14983,4993214.6
2024-05-14,353.8,322.9,347.3,329.4,17.900000000000034,336,68142,23605570.4
2024-05-15,354.2,337.0,339.9,347.3,-7.400000000000034,210,39637,13713575.8
2024-05-16,368.9,333.8,366.0,339.9,26.100000000000023,435,72307,25756515.2
2024-05-19,392.7,356.0,392.0,366.0,26.0,599,125339,47982925.5
2024-05-20,430.0,384.2,412.0,392.0,20.0,1328,247580,102474016.7
2024-05-21,417.0,392.0,400.0,412.0,-12.0,531,74815,30399240.0
2024-05-22,421.0,378.0,381.0,400.0,-19.0,598,105771,41234566.5
2024-05-26,386.5,361.9,368.0,381.0,-13.0,482,83554,31007887.2
2024-05-27,374.9,360.0,366.7,368.0,-1.3000000000000114,319,41398,15148456.5
2024-05-29,380.0,355.0,361.0,366.7,-5.699999999999989,264,32890,12038585.6
2024-05-30,371.9,354.2,366.0,361.0,5.0,320,47789,17396631.3
2024-06-02,373.0,359.1,366.0,366.0,0.0,292,32163,11723866.9
2024-06-03,373.3,354.1,354.1,366.0,-11.899999999999975,249,35036,12604631.0
2024-06-04,361.0,349.0,352.0,354.1,-2.1000000000000227,211,29146,10324930.0
2024-06-05,360.0,345.0,350.0,352.0,-2.0,221,30976,10808282.3
2024-06-06,371.9,345.1,363.0,350.0,13.0,483,56938,20738034.0
2024-06-09,372.0,355.5,362.0,363.0,-1.0,260,32549,11734838.6
2024-06-10,377.4,354.8,377.4,362.0,15.399999999999975,550,86620,32120615.7
2024-06-11,395.0,378.0,382.0,377.4,4.600000000000023,468,82606,31808340.4
2024-06-12,395.9,372.0,379.0,382.0,-3.0,470,67149,25640880.4
2024-06-13,386.5,370.0,372.5,379.0,-6.5,329,36381,13680050.5
2024-06-16,387.3,365.1,375.6,372.5,3.1000000000000227,314,42003,15936892.0
2024-06-18,383.1,374.3,375.1,375.6,-0.5,340,45541,17237001.6
2024-06-19,380.0,365.6,368.0,375.1,-7.100000000000023,200,25901,9597370.5
2024-06-20,379.9,365.0,369.0,368.0,1.0,251,29938,11118276.6
2024-06-23,377.0,362.0,367.9,369.0,-1.1000000000000227,251,29093,10748692.5
2024-06-24,375.0,361.5,368.0,367.9,0.1000000000000227,188,16874,6274041.6
2024-06-25,376.0,368.1,369.0,368.0,1.0,192,17211,6420982.2
2024-06-26,369.9,357.0,360.0,369.0,-9.0,184,21759,7924974.9
2024-06-27,360.0,353.2,354.0,360.0,-6.0,160,12762,4531069.3
2024-06-30,360.0,348.2,353.0,354.0,-1.0,176,19141,6775798.9
2024-07-01,365.0,348.1,360.0,353.0,7.0,188,15534,5595385.2
2024-07-02,395.0,353.9,372.0,360.0,12.0,160,16535,6090850.5
2024-07-03,379.4,360.0,367.0,372.0,-5.0,141,17437,6346767.1
2024-07-04,372.9,364.0,366.6,367.0,-0.3999999999999772,256,39443,14535408.6
2024-07-07,380.0,359.0,366.0,366.6,-0.6000000000000227,201,20555,7542523.3
2024-07-08,379.0,365.0,365.0,366.0,-1.0,157,21945,8115367.0
2024-07-09,373.2,361.1,373.1,365.0,8.100000000000023,194,22088,8129621.5
2024-07-10,377.7,369.0,372.0,373.1,-1.1000000000000227,214,28358,10565134.6
2024-07-11,385.0,371.3,379.0,372.0,7.0,319,49226,18653036.1
2024-07-14,387.0,365.9,379.5,379.0,0.5,227,44099,16617600.9
2024-07-15,387.0,369.1,369.1,379.5,-10.399999999999975,203,32535,12137330.9
2024-07-16,404.0,365.0,390.0,369.1,20.899999999999977,484,76905,29797642.8
2024-07-17,400.8,384.3,394.0,390.0,4.0,498,80032,31504298.6
2024-07-18,430.0,387.0,429.9,394.0,35.89999999999998,702,133097,54090984.9
2024-07-21,450.0,409.5,445.0,429.9,15.100000000000025,755,132876,58422847.4
2024-07-22,460.0,425.0,458.1,445.0,13.100000000000025,662,116866,51897377.9
2024-07-23,469.2,445.0,460.0,458.1,1.8999999999999773,583,67946,31572787.6
2024-07-24,460.0,422.0,435.0,460.0,-25.0,797,110254,48072239.2
2024-07-25,443.7,418.0,422.9,435.0,-12.100000000000025,597,80747,34444529.9
2024-07-28,439.6,419.1,431.0,422.9,8.100000000000023,509,74114,31837776.0
2024-07-29,439.0,410.2,412.0,431.0,-19.0,487,56220,23744817.0
2024-07-30,453.2,403.8,425.0,412.0,13.0,638,72041,30322674.7
2024-07-31,438.0,417.0,420.5,425.0,-4.5,653,66202,28454573.9
2024-08-01,435.4,400.0,410.9,420.5,-9.600000000000025,581,75536,31313975.3
2024-08-05,435.0,402.0,430.0,410.9,19.100000000000023,736,57893,24211160.4
2024-08-06,435.0,401.1,402.5,430.0,-27.5,574,59810,24828034.3
2024-08-07,417.8,401.0,416.0,402.5,13.5,532,36920,15209889.7
2024-08-08,424.3,403.0,405.0,416.0,-11.0,479,42587,17521086.0
2024-08-11,427.0,405.0,420.0,405.0,15.0,713,45967,19207693.3
2024-08-12,443.0,411.6,438.0,420.0,18.0,1005,114357,49289588.5
2024-08-13,463.0,427.3,448.0,438.0,10.0,743,79138,35263475.5
2024-08-14,451.8,431.0,449.0,448.0,1.0,566,58961,26248287.2
2024-08-15,460.0,445.0,458.1,449.0,9.100000000000025,1037,121243,54883945.0
2024-08-18,485.9,450.8,469.0,458.1,10.899999999999975,1194,151702,71318271.7
2024-08-21,484.5,456.0,468.0,469.0,-1.0,771,86208,40514444.8
2024-08-22,485.0,461.0,481.0,468.0,13.0,748,115790,54968881.1
2024-08-25,485.0,458.0,460.0,481.0,-21.0,567,56781,26749910.5
2024-08-27,506.0,469.0,481.0,460.0,21.0,1403,145116,70891228.1
2024-08-28,505.6,463.0,470.0,481.0,-11.0,433,47736,23056901.9
2024-08-29,488.0,465.4,480.0,470.0,10.0,626,80017,38371740.8
2024-09-01,503.0,471.0,471.0,480.0,-9.0,438,58186,28037787.1
2024-09-02,518.0,465.5,513.0,471.0,42.0,687,83787,41649792.7
2024-09-03,523.0,491.0,514.0,513.0,1.0,522,77984,39520737.5
2024-09-04,520.0,478.1,489.0,514.0,-25.0,367,49015,24070846.2
2024-09-05,508.6,483.1,493.0,489.0,4.0,445,60445,29971863.2
2024-09-08,510.0,485.0,509.9,493.0,16.899999999999977,429,56735,28257456.8
2024-09-09,504.0,485.0,499.4,509.9,-10.5,280,40715,20087562.4
2024-09-10,507.9,492.0,499.5,499.4,0.1000000000000227,280,43398,21618147.3
2024-09-11,518.9,485.0,495.0,499.5,-4.5,311,29548,14714333.6
2024-09-12,510.8,485.1,495.1,495.0,0.1000000000000227,363,49444,24752336.2
2024-09-15,544.6,492.5,544.6,495.1,49.5,851,137181,73798030.7
2024-09-16,561.0,523.5,523.5,544.6,-21.100000000000023,444,43105,23167069.8
2024-09-18,558.0,516.0,550.0,523.5,26.5,533,86279,46831852.4
2024-09-22,587.0,540.0,570.0,550.0,20.0,622,63378,36253871.6
2024-09-23,575.0,529.2,542.6,570.0,-27.399999999999977,366,53391,29094672.4
2024-09-24,563.8,505.1,525.0,542.6,-17.600000000000023,287,29702,15581541.7
2024-09-25,535.0,485.9,518.0,525.0,-7.0,357,44592,22540856.5
2024-09-26,542.0,508.0,530.0,518.0,12.0,342,92416,49053262.5
2024-09-29,529.7,501.0,519.0,530.0,-11.0,234,43842,22516218.6
2024-09-30,535.0,505.0,534.9,519.0,15.899999999999975,219,23995,12480759.4
2024-10-01,556.9,524.0,556.9,534.9,22.0,351,41447,22443643.0
2024-10-02,568.0,515.1,538.0,556.9,-18.899999999999977,238,98878,52885250.1
2024-10-06,553.0,515.1,543.0,538.0,5.0,227,135829,72233631.4
2024-10-07,547.9,530.0,533.9,543.0,-9.100000000000025,148,13968,7490087.0
2024-10-08,555.0,520.1,528.0,533.9,-5.899999999999977,114,15842,8456713.0
2024-10-09,537.5,517.1,536.9,528.0,8.899999999999977,115,15511,8075494.5
2024-10-15,548.0,520.0,530.0,536.9,-6.899999999999977,74,4912,2587114.6
2024-10-16,550.0,520.0,550.0,530.0,20.0,197,35534,19141136.1
2024-10-17,554.0,533.0,549.0,550.0,-1.0,170,14628,7954655.7
2024-10-20,545.6,520.1,530.0,549.0,-19.0,185,14718,7775037.4
2024-10-21,523.0,505.0,508.0,530.0,-22.0,169,15932,8195038.2
2024-10-22,521.0,500.0,520.9,508.0,12.899999999999975,157,34460,17845045.0
2024-10-23,567.0,510.5,532.0,520.9,11.100000000000025,285,58271,31130457.5
2024-10-24,583.4,522.0,522.0,532.0,-10.0,697,112351,62888890.4
2024-10-27,574.2,532.0,574.2,522.0,52.200000000000045,560,77764,43997811.7
2024-10-28,629.0,565.0,629.0,574.2,54.79999999999996,507,78528,46853343.0
2024-10-29,674.0,604.2,629.0,629.0,0.0,376,26015,16353017.6
2024-10-30,683.0,600.0,649.9,629.0,20.899999999999977,362,87894,46684201.8
2024-11-05,682.0,618.0,682.0,649.9,32.10000000000002,239,24234,15365050.8
2024-11-06,747.0,620.1,734.0,682.0,52.0,387,45634,29799016.6
2024-11-10,762.0,680.0,725.0,734.0,-9.0,589,55996,39036889.5
2024-11-11,715.0,679.6,705.0,725.0,-20.0,334,30580,21198527.7
2024-11-12,757.0,665.0,704.0,705.0,-1.0,403,41596,28701649.7
2024-11-13,754.0,677.2,749.9,704.0,45.89999999999998,556,164943,115238016.7
2024-11-14,815.0,735.0,805.0,749.9,55.10000000000002,779,80085,61534726.9
2024-11-17,846.0,776.0,807.0,805.0,2.0,503,43085,34488342.3
2024-11-19,814.9,748.0,772.0,807.0,-35.0,394,74749,58840711.9
2024-11-20,789.9,750.0,789.9,772.0,17.899999999999977,304,41639,31721737.7
2024-11-21,832.0,745.0,832.0,789.9,42.10000000000002,356,81934,64506764.2
2024-11-24,821.1,768.1,814.0,832.0,-18.0,505,125683,99749039.6
2024-11-25,858.0,799.9,840.0,814.0,26.0,592,120975,98230002.7
2024-11-26,871.0,823.2,870.0,840.0,30.0,409,47725,40281816.4
2024-11-27,918.0,840.0,900.0,870.0,30.0,617,116360,101322044.6
2024-11-28,940.0,882.0,926.0,900.0,26.0,558,98531,88020449.7
2024-12-01,960.0,900.0,930.0,926.0,4.0,582,110648,100731975.6
2024-12-02,1001.0,911.4,1000.0,930.0,70.0,714,151986,142225635.9
2024-12-03,1060.0,961.1,990.0,1000.0,-10.0,533,49980,48893028.0
2024-12-04,1088.0,984.0,1088.0,990.0,98.0,788,113200,112492248.8
2024-12-05,1066.3,985.0,1050.0,1088.0,-38.0,916,137728,138560158.4
2024-12-08,1089.0,970.2,1045.0,1050.0,-5.0,763,154200,156538431.3
2024-12-09,1086.0,986.0,1030.0,1045.0,-15.0,456,94895,98021021.0
2024-12-10,1045.5,1002.0,1002.0,1030.0,-28.0,446,60264,61140569.3
2024-12-11,1080.0,965.0,1041.0,1002.0,39.0,798,199008,202544118.5
2024-12-12,1081.0,1020.2,1050.6,1041.0,9.599999999999907,612,96351,99936425.3
2024-12-16,1089.0,991.8,1013.0,1050.6,-37.59999999999991,516,82262,83642968.9
2024-12-17,1058.0,950.7,960.0,1013.0,-53.0,598,126805,124535279.8
2024-12-18,1015.0,887.5,946.2,960.0,-13.799999999999956,590,126076,120699185.9
2024-12-19,955.0,891.0,891.5,946.2,-54.700000000000045,341,59138,54363629.1
2024-12-22,952.1,842.0,940.0,891.5,48.5,510,252149,220312834.8
2024-12-23,1034.0,902.9,1000.0,940.0,60.0,603,98340,95287417.0
2024-12-24,1050.0,977.1,1040.0,1000.0,40.0,553,32819,33880826.5
2024-12-26,1022.0,988.0,1000.0,1040.0,-40.0,304,59635,60292154.5
2024-12-29,1020.0,945.0,1020.0,1000.0,20.0,438,116163,111838618.1
2024-12-31,1016.0,980.0,1016.0,1020.0,-4.0,308,47963,48064976.0
2025-01-01,1075.0,995.7,1075.0,1016.0,59.0,517,55477,57153940.1
2025-01-02,1170.0,1040.2,1170.0,1075.0,95.0,736,79282,87423019.5
2025-01-05,1225.0,1123.7,1225.0,1170.0,55.0,786,145810,173640992.5
2025-01-06,1259.7,1200.1,1240.0,1225.0,15.0,552,26059,32122470.6
2025-01-07,1340.0,1201.0,1340.0,1240.0,100.0,687,45893,57138949.6
2025-01-08,1428.0,1280.0,1331.0,1340.0,-9.0,651,61895,82529851.4
2025-01-09,1448.4,1310.0,1440.0,1331.0,109.0,623,35005,47460823.3
2025-01-12,1484.0,1344.1,1484.0,1440.0,44.0,416,23228,31985018.5
2025-01-13,1454.4,1345.0,1360.0,1484.0,-124.0,434,77609,105363088.5
2025-01-15,1438.0,1307.0,1368.0,1360.0,8.0,603,131845,178606263.9
2025-01-16,1420.0,1259.0,1318.0,1368.0,-50.0,571,47918,62865039.8
2025-01-19,1396.0,1186.2,1233.0,1318.0,-85.0,569,43820,53715218.5
2025-01-20,1328.0,1156.6,1328.0,1233.0,95.0,772,200759,240188404.4
2025-01-21,1301.5,1195.2,1209.0,1328.0,-119.0,417,69590,84121290.1
2025-01-22,1250.0,1088.1,1141.0,1209.0,-68.0,923,111160,125253665.9
2025-01-23,1185.0,1045.8,1100.1,1141.0,-40.90000000000009,609,69356,75371734.2
2025-01-26,1164.0,1035.5,1077.0,1100.1,-23.09999999999991,555,66844,71336193.1
2025-01-27,1071.0,1010.5,1030.0,1077.0,-47.0,511,120717,124446096.6
2025-01-28,1028.0,966.6,1015.0,1030.0,-15.0,715,92055,92063896.4
2025-02-02,1100.0,931.0,995.0,1015.0,-20.0,1378,157973,153936069.3
2025-02-03,1009.0,895.5,895.5,995.0,-99.5,1251,164968,151141554.7
2025-02-04,967.0,845.2,920.0,895.5,24.5,1814,208725,187943631.9
2025-02-05,933.7,898.0,918.0,920.0,-2.0,577,55984,51046966.3
2025-02-06,918.0,880.0,880.0,918.0,-38.0,865,88244,78874287.1
2025-02-09,943.0,840.0,879.0,880.0,-1.0,955,103942,89370545.8
2025-02-10,890.0,850.1,851.0,879.0,-28.0,515,32045,27477432.9
2025-02-11,860.0,835.0,835.0,851.0,-16.0,741,57816,48885487.0
2025-02-12,902.0,828.8,902.0,835.0,67.0,2341,374781,314953513.9
2025-02-13,890.0,851.0,865.0,902.0,-37.0,719,58497,51039669.7
2025-02-16,950.0,847.7,885.0,865.0,20.0,1084,155111,138309588.0
2025-02-17,900.0,865.0,865.0,885.0,-20.0,682,54233,47387330.3
2025-02-18,875.0,847.7,852.0,865.0,-13.0,592,48856,41822565.1
